Embedding,KMeans NMI,KMeans ARI,Silhouette label,cLISI,Silhouette batch,iLISI,KBET,Graph connectivity,PCR comparison,Batch correction,Bio conservation,Total
Unintegrated,0.7268682481124528,0.5839276746852997,0.6507003,1.0,0.93322194,0.22465205,,0.7666808409237846,0.0,0.48113870726883373,0.7403740484818402,0.6366799119966375
X_scVI,0.7597804463097282,0.746841502117902,0.55724084,0.9991441,0.9457156,0.29514617,,0.6703751895409502,0.8648310531848598,0.6940170040541789,0.7657517173753859,0.7370578320469031
X_pca_harmony,0.7009410813526011,0.5318270098577329,0.6431275,1.0,0.9450828,0.27238566,,0.792223072322553,0.30680162336938943,0.579123298957318,0.7189738980553072,0.6630336584161115
Metric Type,Bio conservation,Bio conservation,Bio conservation,Bio conservation,Batch correction,Batch correction,Batch correction,Batch correction,Batch correction,Aggregate score,Aggregate score,Aggregate score
